buckinghamshire,england
cambridgeshire,england
cumbria,england
derbyshire,england
devon,england
dorset,england
east sussex,england
essex,england
gloucestershire,england
hampshire,england
hertfordshire,england
kent,england
lancashire,england
leicestershire,england
lincolnshire,england
norfolk,england
northhamptonshire,england
north yorkshire,england
nottinghamshire,england
oxfordshire,england
somerset,england
staffordshire,england
suffolk,england
surrey,england
warwickshire,england
west sussex,england
worcestershire,england
