1. 1937,Snow White and the Seven Dwarfs (G)
2,1940,Pinocchio (G)
3,1940,Fantasia (G)
4,1941,The Reluctant Dragon
5,1941,Dumbo (G)
6,1942,Bambi (G)
7,1943,Saludos Amigos
8,1943,Victory Through Air Power
9,1945,The Three Caballeros (G)
10,1946,Make Mine Music
11,1946,Song of the South (G)
12,1947,Fun and Fancy Free
13,1948,Melody Time
14,1949,So Dear to My Heart (G)
15,1949,The Adventures of Ichabod and Mr. Toad (G)
16,1950,Cinderella (G)
17,1950,Treasure Island (PG)
18,1951,Alice in Wonderland (G)
19,1952,The Story of Robin Hood and His Merrie Men (PG)
20,1953,Peter Pan (G)
21,1953,The Sword and the Rose (PG)
22,1953,The Living Desert
23,1954,Rob Roy, the Highland Rogue
24,1954,The Vanishing Prairie
25,1954,20,000 Leagues Under the Sea (G)
26,1955,Davy Crockett, King of the Wild Frontier (PG)
27,1955,Lady and the Tramp (G)
28,1955,The African Lion
29,1955,The Littlest Outlaw
30,1956,The Great Locomotive Chase
31,1956,Davy Crockett and the River Pirates
32,1956,Secrets of Life
33,1956,Westward Ho the Wagons!
34,1957,Johnny Tremain
35,1957,Perri (G)
36,1957,Old Yeller (G)
37,1958,The Light in the Forest
38,1958,White Wilderness
39,1958,Tonka
40,1959,Sleeping Beauty (G)
41,1959,The Shaggy Dog (G)
42,1959,Darby O’Gill and the Little People (G)
43,1959,Third Man on the Mountain (G)
44,1960,Toby Tyler, or Ten Weeks with a Circus (G)
45,1960,Kidnapped
46,1960,Pollyanna (G)
47,1960,The Sign of Zorro
48,1960,Jungle Cat
49,1960,Ten Who Dared
50,1960,Swiss Family Robinson (G)
51,1961,One Hundred and One Dalmatians (G)
52,1961,The Absent-Minded Professor (G)
53,1961,The Parent Trap
54,1961,Nikki, Wild Dog of the North (G)
55,1961,Greyfriars Bobby
56,1961,Babes in Toyland
57,1962,Moon Pilot
58,1962,Bon Voyage
59,1962,Big Red
60,1962,Almost Angels
61,1962,The Legend of Lobo (G)
62,1962,In Search of the Castaways (G)
63,1963,Son of Flubber (G)
64,1963,Miracle of the White Stallions
65,1963,Savage Sam
66,1963,Summer Magic
67,1963,The Incredible Journey (G)
68,1963,The Sword in the Stone (G)
69,1963,The Three Lives of Thomasina (PG)
70,1964,The Misadventures of Merlin Jones (G)
71,1964,A Tiger Walks
72,1964,The Moon-Spinners (PG)
73,1964,Mary Poppins (G)
74,1964,Emil and the Detectives
75,1965,Those Calloways (PG)
76,1965,The Monkey’s Uncle
77,1965,That Darn Cat! (G)
78,1966,The Ugly Dachshund
79,1966,Lt. Robin Crusoe U.S.N.(G)
80,1966,The Fighting Prince of Donegal
81,1966,Follow Me, Boys! (G)
82,1967,Monkeys, Go Home!
83,1967,The Adventures of Bullwhip Griffin
84,1967,The Happiest Millionaire (G)
85,1967,The Gnome-Mobile (G)
86,1967,The Jungle Book (G)
87,1967,Charlie, The Lonesome Cougar
88,1968,Blackbeard’s Ghost (G)
89,1968,The One and Only, Genuine, Original Family Band
90,1968,Never a Dull Moment (G)
91,1968,The Horse in the Gray Flannel Suit
92,1969,The Love Bug (G)
93,1969,Smith!
94,1969,Rascal
95,1969,The Computer Wore Tennis Shoes
96,1970,King of the Grizzlies (G)
97,1970,The Boatniks (G)
98,1970,The Aristocats (G)
99,1971,The Wild Country (G)
100,1971,The Barefoot Executive (G)
101,1971,Scandalous John (G)
102,1971,The $1,000,000 Duck (G)
103,1971,Bedknobs and Broomsticks (G)
104,1972,The Biscuit Eater (G)
105,1972,Napoleon and Samantha (G)
106,1972,Now You See Him, Now You Don’t (G)
107,1972,Run, Cougar, Run (G)
108,1972,Snowball Express (G)
109,1973,The World’s Greatest Athlete (G)
110,1973,Charley and the Angel (G)
111,1973,One Little Indian (G)
112,1973,Robin Hood (G)
113,1973,Superdad (G)
114,1974,Herbie Rides Again (G)
115,1974,The Bears and I (G)
116,1974,The Castaway Cowboy (G)
117,1974,The Island at the Top of the World (G)
118,1975,The Strongest Man in the World (G)
119,1975,Escape to Witch Mountain (G)
120,1975,The Apple Dumpling Gang (G)
121,1975,One of Our Dinosaurs is Missing (G)
122,1975,The Best of Walt Disney’s True-Life Adventures (G)
123,1976,Ride a Wild Pony (G)
124,1976,No Deposit, No Return (G)
125,1976,Gus (G)
126,1976,Treasure of Matecumbe (G)
127,1976,The Shaggy D.A. (G)
128,1977,Freaky Friday (G)
129,1977,The Littlest Horse Thieves (G)
130,1977,The Many Adventures of Winnie the Pooh (G)
131,1977,The Rescuers (G)
132,1977,Herbie Goes to Monte Carlo (G)
133,1977,Pete’s Dragon (G)
134,1978,Candleshoe (G)
135,1978,Return from Witch Mountain (G)
136,1978,The Cat from Outer Space (G)
137,1978,Hot Lead and Cold Feet (G)
138,1979,The North Avenue Irregulars (G)
139,1979,The Apple Dumpling Gang Rides Again (G)
140,1979,Unidentified Flying Oddball (G)
141,1979,The Black Hole (PG)
142,1980,Midnight Madness (PG)
143,1980,The Last Flight of Noah’s Ark (G)
144,1980,Herbie Goes Bananas (G)
145,1981,The Devil and Max Devlin (PG)
146,1981,Amy (G)
147,1981,The Fox and the Hound (G)
148,1981,Condorman (PG)
149,1981,The Watcher in the Woods (PG)
150,1982,Night Crossing (PG)
151,1982,Tron (PG)
152,1982,Tex (PG)
153,1983,Trenchcoat (PG)
154,1983,Something Wicked This Way Comes (PG)
155,1983,Never Cry Wolf (PG)
156,1984,Splash (Touchstone) (PG)
157,1984,Tiger Town (G)
158,1984,Country (Touchstone) (PG)
159,1985,Baby…Secret of the Lost Legend(Touchstone) (PG)
160,1985,Return to Oz (PG)
161,1985,The Black Cauldron (PG)
162,1985,My Science Project (Touchstone) (PG)
163,1985,The Journey of Natty Gann (PG)
164,1985,One Magic Christmas (G)
165,1986,Down and Out in Beverly Hills (Touchstone) (R)
166,1886,Off Beat (Touchstone) (R)
167,1986,Ruthless People (Touchstone) (R)
168,1986,The Great Mouse Detective (G)
169,1986,Flight of the Navigator (PG)
170,1986,Tough Guys (Touchstone) (PG)
171,1986,The Color of Money (Touchstone) (R)
172,1987,Outrageous Fortune (Touchstone) (R)
173,1987,Tin Men (Touchstone) (R)
174,1987,Ernest Goes to Camp (Touchstone) (PG)
175,1987,Benji the Hunted (G)
176,1987,Adventures in Babysitting (Touchstone) (PG-13)
177,1987,Stakeout (Touchstone) (R)
178,1987,Can’t Buy Me Love (Touchstone) (PG-13)
179,1987,Hello Again (Touchstone) (PG)
180,1987,Three Men and a Baby (Touchstone) (PG)
181,1987,Good Morning, Vietnam (Touchstone) (R)
182,1988,Shoot to Kill (Touchstone) (R)
183,1988,D.O.A. (Touchstone) (R)
184,1988,Return to Snowy River (PG)
185,1988,Big Business (Touchstone) (PG)
186,1988,Who Framed Roger Rabbit (Touchstone) (PG)
187,1988,Cocktail (Touchstone) (R)
188,1988,The Rescue (Touchstone) (PG)
189,1988,Heartbreak Hotel (Touchstone) (PG-13)
190,1988,The Good Mother (Touchstone) (R)
191,1988,Ernest Saves Christmas (Touchstone) (PG)
192,1988,Oliver & Company (G)
193,1988,Beaches (Touchstone) (PG-13)
194,1989,Three Fugitives (Touchstone) (PG-13)
195,1989,New York Stories (Touchstone) (PG)
196,1989,Disorganized Crime (Touchstone) (R)
197,1989,Dead Poets Society (Touchstone) (PG)
198,1989,Honey, I Shrunk the Kids (PG)
199,1989,Turner & Hooch (Touchstone) (PG)
200,1989,Cheetah (G)
201,1989,An Innocent Man (Touchstone) (R)
202,1989,Gross Anatomy (Touchstone) (PG-13)
203,1989,The Little Mermaid (G)
204,1989,Blaze (Touchstone) (R)
205,1990,Stella (Touchstone) (PG-13)
206,1990,Where the Heart Is (Touchstone) (R)
207,1990,Pretty Woman (Touchstone) (R)
208,1990,Ernest Goes to Jail (Touchstone) (PG)
209,1990,Spaced Invaders (Touchstone) (PG)
210,1990,Fire Birds (Touchstone) (PG-13)
211,1990,Dick Tracy (Touchstone) (PG)
212,1990,Betsy’s Wedding (Touchstone) (R)
213,1990,Arachnophobia (Hollywood Pictures) (PG-13)
214,1990,Ducktales: the Movie, Treasure of the Lost Lamp (Disney Movietoons) (G)
215,1990,Taking Care of Business (Hollywood Pictures) (R)
216,1990,Mr. Destiny (Touchstone) (PG-13)
217,1990,The Rescuers Down Under (G)
218,1990,Three Men and a Little Lady (Touchstone) (PG)
219,1990,Green Card (Touchstone) (PG-13)
220,1991,White Fang (PG)
221,1991,Run (Hollywood Pictures) (R)
222,1991,Scenes from a Mall (Touchstone) (R)
223,1991,Shipwrecked (PG)
224,1991,The Marrying Man (Hollywood Pictures) (R)
225,1991,Oscar (Touchstone) (PG)
226,1991,One Good Cop (Hollywood Pictures) (R)
227,1991,What About Bob? (Touchstone) (PG)
228,1991,Wild Hearts Can’t Be Broken (G)
229,1991,The Rocketeer (PG)
230,1991,The Doctor (Touchstone) (PG-13)
231,1991,V. I. Warshawski (Hollywood Pictures) (R)
232,1991,True Identity (Touchstone) (R)
233,1991,Paradise (Touchstone) (PG-13)
234,1991,Deceived (Touchstone) (PG-13)
235,1991,Ernest Scared Stupid (Touchstone) (PG)
236,1991,Billy Bathgate (Touchstone) (R)
237,1991,Beauty and the Beast (G)
238,1991,Father of the Bride (Touchstone) (PG)
239,1992,The Hand That Rocks the Cradle (Hollywood Pictures) (R)
240,1992,Medicine Man (Hollywood Pictures) (PG-13)
241,1992,Blame It On The Bellboy (Hollywood Pictures) (PG-13)
242,1992,Noises Off (Touchstone) (PG-13)
243,1992,Straight Talk (Hollywood Pictures) (PG)
244,1992,Newsies (PG)
245,1992,Passed Away (Hollywood Pictures) (PG-13)
246,1992,Encino Man (Hollywood Pictures) (PG)
247,1992,Sister Act (Touchstone) (PG)
248,1992,Honey, I Blew Up the Kid (PG)
249,1992,A Stranger Among Us (Hollywood Pictures) (PG-13)
250,1992,3 Ninjas (Touchstone) (PG)
251,1992,The Gun in Betty Lou’s Handbag (Touchstone) (PG-13)
252,1992,Crossing the Bridge (Touchstone) (R)
253,1992,Sarafina! (Hollywood Pictures) (PG-13)
254,1992,Captain Ron (Touchstone) (PG-13)
255,1992,The Mighty Ducks (PG)
256,1992,Consenting Adults (Hollywood Pictures)(R)
257,1992,Aladdin (G)
258,1992,The Distinguished Gentleman (Hollywood Pictures)(R)
259,1992,The Muppet Christmas Carol (G)
260,1993,Alive (Touchstone) (R)
261,1993,Aspen Extreme (Hollywood Pictures) (PG-13)
262,1993,The Cemetery Club (Touchstone) (PG-13)
263,1993,Homeward Bound: The Incredible Journey (G)
264,1993,Swing Kids (Hollywood Pictures) (PG-13
265,1993,A Far Off Place (PG)
266,1993,Born Yesterday (Hollywood Pictures) (PG)
267,1993,Adventures of Huck Finn (PG)
268,1993,Indian Summer (Touchstone) (PG-13)
269,1993,Bound by Honor (Hollywood Pictures) (R)
270,1993,Super Mario Bros. (Hollywood Pictures) (PG)
271,1993,Guilty as Sin (Hollywood Pictures) (R)
272,1993,Life with Mikey (Touchstone) (PG)
273,1993,What’s Love Got to Do with It (Touchstone) (R)
274,1993,Son-In-Law (Hollywood Pictures) (PG-13)
275,1993,Hocus Pocus (PG)
276,1993,Another Stakeout (Touchstone) (PG-13)
277,1993,My Boyfriend’s Back (Touchstone) (PG-13)
278,1993,Father Hood (Hollywood Pictures) (PG-13)
279,1993,The Joy Luck Club (Hollywood Pictures) (R)
280,1993,Money for Nothing (Hollywood Pictures) (R)
281,1993,The Program (Touchstone) (R)
282,1993,Cool Runnings (PG)
283,1993,The Nightmare Before Christmas (Touchstone) (PG)
284,1993,The Three Musketeers (PG)
285,1993,Sister Act 2: Back in the Habit (Touchstone) (PG)
286,1993,Tombstone (Hollywood Pictures) (R)
287,1994,Cabin Boy (Touchstone) (PG-13)
288,1994,The Air Up There (Hollywood Pictures) (PG)
289,1994,Iron Will (PG)
290,1994,My Father the Hero (Touchstone) (PG)
291,1994,Blank Check (PG)
292,1994,Angie (Hollywood Pictures) (R)
293,1994,The Ref (Touchstone) (R)
294,1994,D2: The Mighty Ducks (PG)
295,1994,Holy Matrimony (Hollywood Pictures) (PG-13)
296,1994,White Fang 2: Myth of the White Wolf (PG)
297,1994,The Inkwell (Touchstone) (R)
298,1994,When a Man Loves a Woman (Touchstone) (R)
299,1994,Renaissance Man (Touchstone) (PG-13)
300,1994,The Lion King (G)
301,1994,I Love Trouble (Touchstone) (PG)
302,1994,Angels in the Outfield (PG)
303,1994,In the Army Now (Hollywood Pictures) (PG)
304,1994,Color of Night (Hollywood Pictures) (R)
305,1994,It’s Pat (Touchstone) (PG-13)
306,1994,Camp Nowhere (Hollywood Pictures) (PG)
307,1994,A Simple Twist of Fate (Touchstone) (PG-13)
308,1994,Quiz Show (Hollywood) (PG-13)
309,1994,Terminal Velocity (Hollywood Pictures) (PG-13)
310,1994,Ed Wood (Touchstone) (R)
311,1994,Robert A. Heinlein’s The Puppet Masters (Hollywood Pictures) (R)
312,1994,Squanto: A Warrior’s Tale (PG)
313,1994,The Santa Clause (PG)
314,1994,A Low Down Dirty Shame (Hollywood Pictures) (R)
315,1994,Rudyard Kipling’s The Jungle Book (PG)
316,1995,Houseguest (Hollywood Pictures) (PG)
317,1995,Bad Company (Touchstone) (R)
318,1995,Miami Rhapsody (Hollywood Pictures) (PG-13)
319,1995,The Jerky Boys (Touchstone) (R)
320,1995,Heavyweights (PG)
321,1995,Man of the House (PG)
322,1995,Roommates (Hollywood Pictures) (PG)
323,1995,Tall Tale (PG)
324,1995,Funny Bones (Hollywood Pictures) (R)
325,1995,Jefferson in Paris (Touchstone) (PG-13)
326,1995,A Goofy Movie (G)
327,1995,While You Were Sleeping (Hollywood Pictures) (PG)
328,1995,A Pyromaniac’s Love Story (Hollywood Pictures) (PG)
329,1995,Crimson Tide (Hollywood Pictures) (R)
330,1995,Mad Love (Touchstone) (PG-13)
331,1995,Pocahontas (G)
332,1995,Judge Dredd (Hollywood Pictures) (R)
333,1995,Operation Dumbo Drop (PG)
334,1995,Dangerous Minds (Hollywood Pictures) (R)
335,1995,A Kid in King Arthur’s Court (PG)
336,1995,The Tie that Binds (Hollywood Pictures) (R)
337,1995,Unstrung Heroes (Hollywood Pictures) (PG)
338,1995,The Big Green (PG)
339,1995,Dead Presidents (Hollywood Pictures) (R)
340,1995,Feast of July (Touchstone) (R)
341,1995,The Scarlet Letter (Hollywood Pictures) (R)
342,1995,Frank and Ollie (PG)
343,1995,Powder (Hollywood Pictures) (PG-13)
344,1995,Toy Story (G)
345,1995,Father of the Bride, Part II (Touchstone)(PG)
346,1995,Nixon (Hollywood Pictures)(R)
347,1995,Tom and Huck (PG)
348,1996,Mr. Holland’s Opus (Hollywood Pictures)(PG)
349,1996,White Squall (Hollywood Pictures)(PG-13)
350,1996,Mr. Wrong (Touchstone)(PG-13)
351,1996,Muppet Treasure Island (G)
352,1996,Before and After (Hollywood Pictures)(PG-13)
353,1996,Up Close and Personal (Touchstone)(PG-13)
354,1996,Homeward Bound II: Lost in San Francisco (G)
355,1996,Two Much (Touchstone)(PG-13)
356,1996,Little Indian, Big City (Touchstone)(PG)
357,1996,James and the Giant Peach (PG)
358,1996,Celtic Pride (Hollywood Pictures)(PG-13)
359,1996,Last Dance (Touchstone)(R)
360,1996,Boys (Touchstone)(PG-13)
361,1996,Spy Hard (Hollywood Pictures)(PG-13)
362,1996,Eddie (Hollywood Pictures)(PG-13)
363,1996,The Rock (Hollywood Pictures)(R)
364,1996,The Hunchback of Notre Dame (G)
365,1996,Phenomenon (Touchstone)(PG)
366,1996,Kazaam (Touchstone)(PG)
367,1996,Jack (Hollywood Pictures)(PG-13)
368,1966,First Kid (PG)
369,1966,The Rich Man’s Wife (Hollywood Pictures)(R)
370,1996,D3: The Mighty Ducks (PG)
371,1996,The Associate (Hollywood Pictures)(PG-13)
372,1996,Ransom (Touchstone)(R)
373,1996,The War at Home (Touchstone)(R)
374,1996,101 Dalmatians [live action](G)
375,1996,The Preacher’s Wife (Touchstone)(PG)
376,1997,Evita (Hollywood Pictures)(PG)
377,1997,Metro (Touchstone)(R)
378,1997,Prefontaine (Hollywood Pictures)(PG-13)
379,1997,Shadow Conspiracy (Hollywood Pictures)(R)
380,1997,That Darn Cat [remake](PG)
381,1997,Jungle 2 Jungle (PG)
382,1997,The Sixth Man (Touchstone)(PG-13)
383,1997,Grosse Pointe Blank (Hollywood Pictures)(R)
384,1997,Romy and Michele’s High School Reunion (Touchstone)(R)
385,1997,Gone Fishin’ (Hollywood Pictures)(PG)
386,1997,Con Air (Touchstone)(R)
387,1997,Hercules (G)
388,1997,George of the Jungle (PG)
389,1997,Nothing to Lose (Touchstone)(R)
390,1997,Air Bud (PG)
391,1997,G.I. Jane (Hollywood Pictures)(R)
392,1997,A Thousand Acres (Touchstone)(R))
393,1997,Washington Square (Hollywood Pictures)(PG)
394,1997,RocketMan (PG)
395,1997,Playing God (Touchstone)(R)
396,1997,Flubber (PG)
397,1997,An American Werewolf in Paris (Hollywood Pictures)(R)
398,1997,Mr. Magoo (PG)
399,1998,Kundun (Touchstone)(PG-13)
400,1998,Deep Rising (Hollywood Pictures)(R)
401,1998,Krippendorf’s Tribe (Touchstone)(PG-13)
402,1998,An Alan Smithee Film: Burn, Hollywood, Burn (Hollywood Pictures)(R)
403,1998,Meet the Deedles (PG)
404,1998,He Got Game (Touchstone)(R)
405,1998,The Horse Whisperer (Touchstone)(PG-13)
406,1998,Six Days, Seven Nights (Touchstone)(PG-13)
407,1998,Mulan (G)
408,1998,Armageddon (Touchstone)(PG-13)
409,1998,Jane Austen’s Mafia! (Touchstone)(PG-13)
410,1998,The Parent Trap (PG)
411,1998,Firelight (Hollywood Pictures)(R)
412,1998,Simon Birch (Hollywood Pictures)(PG)
413,1998,Holy Man (Touchstone)(PG)
414,1998,Beloved (Touchstone)(R)
415,1998,The Waterboy (Touchstone)(PG-13)
416,1998,I’ll Be Home for Christmas (PG)
417,1998,Enemy of the State (Touchstone)(R)
418,1998,A Bug’s Life (G)
419,1998,Mighty Joe Young (PG)
420,1999,A Civil Action (Touchstone)(PG-13)
421,1999,Rushmore (Touchstone)(R)
422,1999,My Favorite Martian (PG)
423,1999,The Other Sister (Touchstone)(PG-13)
424,1999,Doug’s 1st Movie (G)
425,1999,10 Things I Hate About You (Touchstone)(PG-13)
426,1999,Endurance (G)
427,1999,Instinct (Touchstone)(R)
428,1999,arzan (G)
429,1999,Summer of Sam (Touchstone)(R)
430,1999,Inspector Gadget (PG)
431,1999,The Sixth Sense (Hollywood)(PG-13)
432,1999,The 13th Warrior (Touchstone)(R)
433,1999,Breakfast of Champions (Hollywood)(R)
434,1999,Mumford (Touchstone)(R)
435,1999,Mystery Alaska (Hollywood)(R)
436,1999,The Hand Behind the Mouse: The Ub Iwerks Story (G)
437,1999,The Straight Story (G)
438,1999,The Insider (Touchstone)(R)
439,1999,Toy Story 2 (G)
440,1999,Deuce Bigalow: Male Gigolo (Touchstone)(R)
441,1999,Cradle Will Rock (Touchstone)(R)
442,1999,Bicentennial Man (Touchstone)(PG)
443,2000,Fantasia/2000 (G)
444,2000,Play It to the Bone (Touchstone)(R)
445,2000,Gun Shy (Hollywood)(R)
446,2000,The Tigger Movie (G)
447,2000,Mission to Mars (Touchstone)(PG)
448,2000,Whispers (G)
449,2000,High Fidelity (Touchstone)(R)
450,2000,Keeping the Faith (Touchstone)(PG-13)
451,2000,Dinosaur (PG)
452,2000,Shanghai Noon (Touchstone)(PG-13)
453,2000,Gone in 60 Seconds (Touchstone)(PG-13)
454,2000,Disney’s The Kid (PG)
455,2000,Coyote Ugly (Touchstone)(PG-13)
456,2000,The Crew (Touchstone)(PG-13)
457,2000,Duets (Hollywood)(R)
458,2000,Remember the Titans (PG)
459,2000,Playing Mona Lisa (no label)(R)
460,2000,Unbreakable (Touchstone)(PG-13)
461,2000,102 Dalmatians (G)
462,2000,The Emperor’s New Groove (G)
463,2000,O Brother, Where Art Thou? (Touchstone)(PG-13)
464,2001,Double Take (Touchstone)(PG-13)
465,2001,Recess: School’s Out (G)
466,2001,Just Visiting (Hollywood)(PG-13)
467,2001,Pearl Harbor (Touchstone)(PG-13)
468,2001,Atlantis: The Lost Empire (PG)
469,2001,crazy/beautiful (Touchstone)(PG-13)
470,2001,The Princess Diaries (G)
471,2001,Bubble Boy (Touchstone)(PG-13)
472,2001,New Port South (Touchstone)(PG-13)
473,2001,Max Keeble’s Big Move (PG)
474,2001,Corky Romano (Touchstone)(PG-13)
475,2001,High Heels and Low Lifes (Touchstone)(R)
476,2001,Monsters, Inc. (G)
477,2001,Out Cold (Touchstone)(PG-13)
478,2001,The Royal Tenenbaums (Touchstone)(R)
479,2002,Snow Dogs (PG)
480,2002,The Count of Monte Cristo (Touchstone)(PG-13)
481,2002,Return to Never Land (G)
482,2002,Sorority Boys (Touchstone)(R)
483,2002,The Rookie (G)
484,2002,Big Trouble (Touchstone)(PG-13)
485,2002,Frank McKlusky, C.I. (Touchstone)(PG-13)
486,2002,ESPN’s Ultimate X (Touchstone)(PG)
487,2002,Bad Company (Touchstone)(PG-13)
488,2002,Lilo & Stitch (PG)
489,2002,Reign of Fire (Touchstone)(PG-13)
490,2002,The Country Bears (G)
491,2002,Signs (Touchstone)(PG-13)
492,2002,Spirited Away (Walt Disney Studios)(PG-13)
493,2002,Moonlight Mile (Touchstone)(PG-13)
494,2002,Sweet Home Alabama (Touchstone)(PG-13)
495,2002,Tuck Everlasting (PG)
496,2002,Santa Clause 2 (G)
497,2002,Treasure Planet (PG)
498,2002,The Hot Chick (Touchstone)(PG-13)
499,2002,25th Hour (Touchstone)(R)
500,2003,The Recruit (Touchstone)(PG-13)
501,2003,Shanghai Knights (Touchstone)(PG-13)
502,2003,The Jungle Book 2 (G)
503,2003,Bringing Down the House (Touchstone)(PG-13)
504,2003,Piglet’s Big Movie (G)
505,2003,Ghosts of the Abyss (G)
506,2003,Holes (PG)
507,2003,The Lizzie McGuire Movie (PG)
508,2003,Finding Nemo (G)
509,2003,Pirates of the Caribbean: The Curse of the Black Pearl (PG-13)
510,2003,Freaky Friday (PG)
511,2003,Open Range (Touchstone)(R)
512,2003,Hope Springs (Touchstone)(PG-13)
513,2003,Cold Creek Manor (Touchstone)(R)
514,2003,Under the Tuscan Sun (Touchstone)(PG-13)
515,2003,Veronica Guerin (Touchstone)(R)
516,2003,Brother Bear (G)
517,2003,The Haunted Mansion (PG)
518,2003,Calendar Girls (Touchstone)(PG-13)
519,2003,The Young Black Stallion (G)
520,2004,Teacher’s Pet (PG)
521,2004,Miracle (PG)
522,2004,Confessions of a Teenage Drama Queen (PG)
523,2004,Hidalgo (Touchstone)(PG-13)
524,2004,The Ladykillers (Touchstone)(R)
525,2004,Home on the Range (PG)
526,2004,The Alamo (Touchstone)(PG-13)
527,2004,Sacred Planet (G)
528,2004,Raising Helen (Touchstone)(PG-13)
529,2004,Around the World in 80 Days (PG)
530,2004,America’s Heart & Soul (PG)
531,2004,King Arthur (Touchstone)(PG-13)
532,2004,The Village (Touchstone)(PG-13)
533,2004,The Princess Diaries 2: Royal Engagement (G)
534,2004,Mr. 3000 (Touchstone)(PG-13)
535,2004,The Last Shot (Touchstone)(R)
536,2004,Ladder 49 (Touchstone)(PG-13)
537,2004,The Incredibles (PG)
538,2004,National Treasure (PG)
539,2004,The Life Aquatic with Steve Zissou (Touchstone)(R)
540,2005,Aliens of the Deep (G)
541,2005,Pooh’s Heffalump Movie (G)
542,2005,The Pacifier (PG)
543,2005,Ice Princess (G)
544,2005,A Lot Like Love (Touchstone)(PG-13)
545,2005,he Hitchhiker’s Guide to the Galaxy (Touchstone)(PG)
546,2005,Howl’s Moving Castle (PG)
547,2005,Herbie: Fully Loaded (G)
548,2005,Dark Water (Touchstone)(PG-13)
549,2005,Sky High (PG)
550,2005,Valiant (G)
551,2005,Flightplan (Touchstone)
552,2005,The Greatest Game Ever Played (PG)
553,2005,Shopgirl (Touchstone)(R)
554,2005,Chicken Little (G)
555,2005,The Chronicles of Narnia: The Lion, the Witch and the Wardrobe (PG)
556,2005,Casanova (Touchstone)
557,2006,Glory Road (PG)
558,2006,Annapolis (Touchstone)(PG-13)
559,2006,Roving Mars (G)
560,2006,Eight Below (PG)
561,2006,The Shaggy Dog (PG)
562,2006,Stay Alive (Hollywood Pictures)(PG-13)
563,2006,The Wild (G)
564,2006,Stick It (Touchstone)(PG-13)
565,2006,Goal! The Dream Begins (Touchstone)(PG)
566,2006,Cars (G)
567,2006,Pirates of the Caribbean: Dead Man’s Chest (PG-13)
568,2006,Step Up (Touchstone)(PG-13)
569,2006,Invincible (PG)
570,2006,The Guardian (Touchstone)(PG-13)
571,2006,The Prestige (Touchstone)(PG-13)
572,2006,The Santa Clause 3: The Escape Clause (G)
573,2006,Déjà Vu (Touchstone)(PG-13)
574,2006,Apocalypto (Touchstone)(R)
575,2007,Primeval (Hollywood Pictures)(R)
576,2007,Bridge to Terabithia (PG)
577,2007,Wild Hogs (Touchstone)(PG-13)
578,2007,Meet the Robinsons (G)
579,2007,The Invisible (Hollywood Pictures)(PG-13)
580,2007,Pirates of the Caribbean: At World’s End (PG-13)
581,2007,Ratatouille (G)
582,2007,The Secret of the Magic Gourd (NR)
583,2007,Underdog (PG)
584,2007,The Game Plan (PG)
585,2007,Dan in Real Life (PG-13)
586,2007,Enchanted (PG)
587,2007,National Treasure: Book of Secrets (PG)
588,2008,Hannah Montana & Miley Cyrus: Best of Both Worlds Concert (G)
589,2008,Step Up 2 the Streets (Touchstone)(PG-13)
590,2008,College Road Trip (G)
591,2008,The Chronicles of Narnia: Prince Caspian (PG)
592,2008,WALL•E (G)
593,2008,Swing Vote (Touchstone)(PG-13)
594,2008,Tinker Bell (G)
595,2008,Miracle at St. Anna (Touchstone)(R)
596,2008,Beverly Hills Chihuahua (PG)
597,2008,Morning Light (PG)
598,2008,High School Musical 3: Senior Year (G)
599,2008,Roadside Romeo (NR)
600,2008,Bolt (PG)
601,2008,Bedtime Stories (PG)
602,2009,Confessions of a Shopaholic (Touchstone)(PG)
603,2009,Jonas Brothers: The 3D Concert Experience (G)
604,2009,Race to Witch Mountain (PG)
605,2009,Hannah Montana the Movie (G)
606,2009,Earth (Disneynature)(G)
607,2009,Trail of the Panda (NR)
608,2009,The Boys: The Sherman Brothers’ Story (PG)
609,2009,Up (PG)
610,2009,The Proposal (Touchstone)(PG-13)
611,2009,G-Force (PG)
612,2009,Ponyo (G)
613,2009,X-Games 3D: The Movie (PG)
614,2009,Walt & El Grupo (PG)
615,2009,Surrogates (Touchstone)(PG-13)
616,2009,Tinker Bell and the Lost Treasure (G)
617,2009,Kniga Masterov (The Book of Masters) (NR)
618,2009,Disney’s A Christmas Carol (PG)
619,2009,Old Dogs (PG)
620,2009,The Princess and the Frog (G)
621,2010,When in Rome (PG-13)
622,2010,Alice in Wonderland (PG)
623,2010,Waking Sleeping Beauty (PG)
624,2010,The Last Song (Touchstone)(PG)
625,2010,Oceans (Disneynature)(G)
626,2010,Prince of Persia: The Sands of Time (PG-13)
627,2010,Toy Story 3 (G)
628,2010,The Sorcerer’s Apprentice (PG)
629,2010,Step Up 3D (Touchstone)(PG-13)
630,2010,Tales from Earthsea (PG-13)
631,2010,The Switch (Miramax)(PG-13)
632,2010,Tinker Bell and the Great Fairy Rescue (G)
633,2010,You Again (Touchstone)(PG)
634,2010,Secretariat (PG)
635,2010,Tangled (PG)
636,2010,The Tempest (Touchstone/Miramax)(PG-13)
637,2010,Tron: Legacy (PG)
638,2011,Once Upon a Warrior (NR)
639,2011,Gnomeo & Juliet (Touchstone)(G)
640,2011,I Am Number Four (Touchstone/DreamWorks)(PG-13)
641,2011,Mars Needs Moms (PG)
642,2011,African Cats: Kingdom of Courage (Disneynature)(G)
643,2011,Zokkomon (NR)
644,2011,Prom (PG)
645,2011,Pirates of the Caribbean: On Stranger Tides (PG-13)
646,2011,Cars 2 (G)
647,2011,Winnie the Pooh (G)
648,2011,The Help (Touchstone/DreamWorks)(PG-13)
649,2011,Fright Night (Touchstone/DreamWorks)(R)
650,2011,Real Steel (Touchstone/DreamWorks)(PG-13)
651,2011,The Muppets (PG)
652,2011,War Horse (Touchstone/DreamWorks)(PG-13)
653,2012,The Secret World of Arrietty (G)
654,2012,John Carter (PG-13)
655,2012,Arjun: The Warrior Prince (NR)
656,2012,Chimpanzee (Disneynature)(G)
657,2012,Marvel’s The Avengers (Marvel)(PG-13)
658,2012,Brave (PG)
659,2012,Mad Buddies (NR)
660,2012,People Like Us (Touchstone/DreamWorks)(PG-13)
661,2012,The Odd Life of Timothy Green (PG)
662,2012,Secret of the Wings (G)
663,2012,Barfi! (NR)
664,2012,Frankenweenie (PG)
665,2012,Wreck-It Ralph
666,2012,Lincoln (Touchstone/DreamWorks)
667,2013,Oz the Great and Powerful (PG)
668,2013,Wings of Life (Disneynature)(G)
669,2013,Iron Man 3 (Marvel) (PG-13)
670,2013,Monsters University (G)
671,2013,The Lone Ranger (PG-13)
672,2013,Planes (PG)
673,2013,The Fifth Estate (Touchstone/DreamWorks)(R)
674,2013,The Wind Rises (Touchstone)(PG-13)
675,2013,Thor: The Dark World (Marvel)(PG-13)
676,2013,Delivery Man (Touchstone/DreamWorks)(PG-13)
677,2013,Frozen (PG)
678,2013,Saving Mr. Banks (PG-13)
679,2014,The Pirate Fairy (G)
680,2014,Need for Speed (Touchstone/DreamWorks)(PG-13)
681,2014,Muppets Most Wanted (PG)
682,2014,Captain America: The Winter Soldier (Marvel)(PG-13)
683,2014,Bears (Disneynature)(G)
684,2014,Million Dollar Arm (PG)
685,2014,Maleficent (PG)
686,2014,Planes: Fire and Rescue (PG)
687,2014,Guardians of the Galaxy (Marvel)(PG-13)
688,2014,The Hundred-Foot Journey (Touchstone/DreamWorks)(PG)
689,2014,Khoobsurat (NR)
690,2014,Alexander and the Terrible, Horrible, No Good, Very Bad Day (PG)
691,2014,Big Hero 6 (PG)
692,2014,Into The Woods (PG)
693,2015,Strange Magic (Touchstone/Lucasfilm)(PG)
694,2015,Tinker Bell and the Legend of the NeverBeast (G)
695,2015,McFarland, USA (PG)
696,2015,Cinderella (PG)
697,2015,Monkey Kingdom (Disneynature)(G)
698,2015,Avengers: Age of Ultron (Marvel)(PG-13)
699,2015,Tomorrowland (PG)
700,2015,Inside Out (PG)
701,2015,ABCD2 (NR)
702,2015,Ant-Man (Marvel)(PG-13)
703,2015,Bridge of Spies (Touchstone/DreamWorks) (PG-13)
704,2015,The Good Dinosaur (PG)
705,2015,Star Wars: The Force Awakens (Lucasfilm) (PG-13)
706,2016,The Finest Hours (PG-13)
707,2016,Zootopia (PG)
708,2016,The Jungle Book (PG)
709,2016,Captain America: Civil War (Marvel) (PG-13)
710,2016,Alice Through the Looking Glass (PG)
711,2016,Finding Dory (PG)
712,2016,The BFG (PG)
713,2016,Pete’s Dragon (PG)
714,2016,The Light Between Oceans (PG-13)
715,2016,Queen of Katwe (PG)
716,2016,Doctor Strange (Marvel) (PG-13)
717,2016,Moana (PG)
718,2016,Rogue One: A Star Wars Story (Lucasilm)(PG-13)
719,2017,Dangal (Disney India)
720,2017,Beauty and the Beast (PG)
721,2017,Born in China (Disneynature) (G)
722,2017,Guardians of the Galaxy, Vol. 2 (Marvel) (PG-13)
723,2017,Pirates of the Caribbean: Dead Men Tell No Tales (PG-13)
724,2017,Cars 3 (Pixar) (G)
725,2017,Jagga Jasoos (Disney India)
726,2017,Thor: Ragnarok (Marvel) (PG-13)
727,2017,Coco (Pixar) (PG)
728,2017,Star Wars: The Last Jedi (Lucasfilm) (PG-13)
729,2018,Black Panther (Marvel) (PG-13)
730,2018,A Wrinkle in Time (PG)
731,2018,Avengers: Infinity War (Marvel) (PG-13)
732,2018,Solo: A Star Wars Story (Lucasfilm) (PG-13)
733,2018,Incredibles 2 (Pixar) (PG)
734,2018,Ant-Man and The Wasp (Marvel) (PG_13)
735,2018,Christopher Robin (PG)
736,2018,The Nutcracker and the Four Realms (PG)
737,2018,Ralph Breaks the Internet (PG)
738,2018,Mary Poppins Returns (PG)
739,2019,Captain Marvel (Marvel) (PG-13)
740,2019,Dumbo (PG)
741,2019,Penguins (Disneynature) (G)
742,2019,Avengers: Endgame (Marvel) (PG-13)
743,2019,Aladdin (PG)
744,2019,Toy Story 4 (Pixar) (G)
745,2019,The Lion King (PG)
746,2019,Maleficent: Mistress of Evil (PG)
747,2019,Frozen 2 (PG)
748,2019,Star Wars: The Rise of Skywalker (PG-13)
749,2020,The Call of the Wild
750,2020,Onward (Pixar) (PG)
751,2020,Artemis Fowl (PG)