alabama,https://www.alabama.gov
alaska,https://www.alaska.gov
arizona,https://az.gov
arkansas,https://portal.arkansas.gov
california,https://www.ca.gov
colorado,https://www.colorado.gov
connecticut,https://portal.ct.gov
delaware,https://delaware.gov
florida,https://www.myflorida.com
georgia,https://georgia.gov
hawaii,https://portal.ehawaii.gov
idaho,https://idaho.gov
illinois,https://www2.illinois.gov
indiana,https://in.gov
iowa,https://www.iowa.gov
kansas,https://portal.kansas.gov
kentucky,https://www.kentucky.gov
louisiana,https://www.louisiana.gov
maine,https://www.maine.gov
maryland,https://www.maryland.gov
massachusetts,https://www.mass.gov
michigan,https://www.michigan.gov
minnesota,https://mn.gov
mississippi,https://www.ms.gov
missouri,https://mo.gov
montana,https://mt.gov
nebraska,https://www.nebraska.gov
nevada,https://nv.gov
new hampshire,https://www.nh.gov
new jersey,https://nj.gov
new mexico,https://www.newmexico.gov
new york,https://www.ny.gov
north carolina,https://www.nc.gov
north dakota,https://www.nd.gov
ohio,https://www.ohio.gov
oklahoma,https://www.ok.gov
oregon,https://www.oregon.gov
pennsylvania,https://www.pa.gov
rhode island,https://www.ri.gov
south carolina,https://sc.gov
south dakota,https://www.sd.gov
tennessee,https://www.tn.gov
texas,https://www.texas.gov
utah,https://www.utah.gov
vermont,https://www.vermont.gov
virginia,https://www.virginia.gov
washington,https://access.wa.gov
west virginia,https://www.wv.gov
wisconsin,https://www.wisconsin.gov
wyoming,https://www.wyoming.gov